,Provincia,Departamento,Jardines,Poblacion jardin,Primarias,Poblacion primaria,Secundarias,Poblacion secundaria
0,Buenos Aires,LA MATANZA,325.0,157034.0,355.0,193043.0,333.0,214041.0
1,Buenos Aires,LA PLATA,232.0,52075.0,254.0,66893.0,199.0,78431.0
2,Buenos Aires,LOMAS DE ZAMORA,162.0,50825.0,219.0,65571.0,178.0,76653.0
3,Buenos Aires,GENERAL PUEYRREDON,178.0,41427.0,205.0,53294.0,169.0,67001.0
4,Buenos Aires,QUILMES,162.0,47353.0,167.0,60261.0,146.0,70705.0
5,Buenos Aires,ALMIRANTE BROWN,133.0,43762.0,152.0,58015.0,137.0,68125.0
6,Buenos Aires,MORENO,118.0,50791.0,143.0,65328.0,134.0,71388.0
7,Buenos Aires,MERLO,110.0,48007.0,137.0,61148.0,120.0,70111.0
8,Buenos Aires,LANUS,120.0,28133.0,127.0,37841.0,116.0,46520.0
9,Buenos Aires,TIGRE,124.0,32611.0,114.0,44078.0,111.0,53284.0
10,Buenos Aires,PILAR,105.0,34493.0,113.0,42505.0,109.0,48967.0
11,Buenos Aires,GENERAL SAN MARTIN,100.0,28038.0,111.0,38161.0,96.0,46012.0
12,Buenos Aires,FLORENCIO VARELA,98.0,44663.0,108.0,55183.0,98.0,61698.0
13,Buenos Aires,SAN MIGUEL,87.0,24752.0,108.0,31904.0,92.0,35784.0
14,Buenos Aires,BERAZATEGUI,101.0,25806.0,105.0,35310.0,92.0,41619.0
15,Buenos Aires,MORON,102.0,18044.0,103.0,24608.0,90.0,30756.0
16,Buenos Aires,BAHIA BLANCA,95.0,22621.0,102.0,29136.0,94.0,33554.0
17,Buenos Aires,SAN ISIDRO,97.0,17057.0,102.0,22338.0,90.0,29037.0
18,Buenos Aires,AVELLANEDA,120.0,22784.0,94.0,31635.0,93.0,37923.0
19,Buenos Aires,TRES DE FEBRERO,108.0,21166.0,91.0,28750.0,87.0,35036.0
20,Buenos Aires,MALVINAS ARGENTINAS,78.0,25943.0,88.0,34313.0,81.0,40965.0
21,Buenos Aires,VICENTE LOPEZ,106.0,14893.0,83.0,19249.0,76.0,24673.0
22,Buenos Aires,ESCOBAR,76.0,21900.0,82.0,27457.0,75.0,30240.0
23,Buenos Aires,ESTEBAN ECHEVERRIA,71.0,27670.0,74.0,35257.0,71.0,40096.0
24,Buenos Aires,JOSE C. PAZ,55.0,29597.0,65.0,36232.0,62.0,40098.0
25,Buenos Aires,SAN NICOLAS,51.0,12727.0,62.0,15253.0,56.0,17817.0
26,Buenos Aires,ITUZAINGO,50.0,10707.0,57.0,15026.0,45.0,18670.0
27,Buenos Aires,HURLINGHAM,47.0,11620.0,53.0,16075.0,46.0,19542.0
28,Buenos Aires,OLAVARRIA,59.0,8554.0,52.0,11123.0,73.0,13458.0
29,Buenos Aires,TANDIL,62.0,9785.0,52.0,12620.0,60.0,14987.0
30,Buenos Aires,SAN FERNANDO,65.0,11498.0,51.0,15307.0,55.0,18054.0
31,Buenos Aires,EZEIZA,51.0,17155.0,50.0,21962.0,44.0,24742.0
32,Buenos Aires,CAMPANA,40.0,8120.0,49.0,10711.0,42.0,12722.0
33,Buenos Aires,PERGAMINO,54.0,8676.0,45.0,10471.0,56.0,12182.0
34,Buenos Aires,LUJAN,53.0,8352.0,45.0,10571.0,49.0,12158.0
35,Buenos Aires,ZARATE,45.0,9976.0,43.0,13121.0,45.0,15610.0
36,Buenos Aires,JUNIN,42.0,7543.0,42.0,8925.0,46.0,10236.0
37,Buenos Aires,NECOCHEA,43.0,6914.0,41.0,9031.0,51.0,10861.0
38,Buenos Aires,GENERAL RODRIGUEZ,36.0,14137.0,36.0,18024.0,33.0,18644.0
39,Buenos Aires,AZUL,37.0,5390.0,34.0,7022.0,55.0,8263.0
40,Buenos Aires,MERCEDES,40.0,5457.0,32.0,6743.0,41.0,7892.0
41,Buenos Aires,CAÑUELAS,29.0,6225.0,31.0,8115.0,38.0,8920.0
42,Buenos Aires,BERISSO,25.0,7704.0,29.0,10089.0,28.0,11412.0
43,Buenos Aires,SAN PEDRO,30.0,5781.0,29.0,7116.0,42.0,8280.0
44,Buenos Aires,CHIVILCOY,34.0,4906.0,27.0,6129.0,50.0,7531.0
45,Buenos Aires,CORONEL SUAREZ,33.0,2881.0,25.0,3775.0,34.0,4180.0
46,Buenos Aires,TRES ARROYOS,35.0,4260.0,25.0,5501.0,43.0,6283.0
47,Buenos Aires,CORONEL DE MARINA L ROSALES,24.0,4705.0,24.0,6284.0,27.0,7493.0
48,Buenos Aires,LA COSTA,27.0,7455.0,24.0,9744.0,25.0,11692.0
49,Buenos Aires,CHACABUCO,32.0,3518.0,23.0,4504.0,37.0,5651.0
50,Buenos Aires,CHASCOMUS,23.0,3167.0,23.0,4228.0,38.0,4971.0
51,Buenos Aires,SAN VICENTE,28.0,9859.0,23.0,12095.0,30.0,12889.0
52,Buenos Aires,PEHUAJO,28.0,3474.0,23.0,4099.0,34.0,5012.0
53,Buenos Aires,BALCARCE,31.0,3638.0,23.0,4356.0,38.0,4982.0
54,Buenos Aires,LINCOLN,31.0,3480.0,22.0,4008.0,41.0,4746.0
55,Buenos Aires,9 DE JULIO,34.0,3963.0,22.0,4895.0,38.0,5934.0
56,Buenos Aires,GENERAL ALVARADO,22.0,3570.0,22.0,4115.0,20.0,4961.0
57,Buenos Aires,BARADERO,29.0,3225.0,21.0,3706.0,27.0,4484.0
58,Buenos Aires,25 DE MAYO,38.0,2706.0,20.0,3189.0,47.0,3782.0
59,Buenos Aires,ENSENADA,18.0,4917.0,19.0,6608.0,18.0,7828.0
60,Buenos Aires,PRESIDENTE PERON,22.0,10170.0,19.0,12302.0,19.0,13904.0
61,Buenos Aires,TRENQUE LAUQUEN,41.0,4016.0,19.0,4578.0,46.0,5190.0
62,Buenos Aires,SAN ANDRES DE GILES,27.0,2151.0,18.0,2599.0,29.0,3015.0
63,Buenos Aires,MARCOS PAZ,22.0,5973.0,18.0,7274.0,24.0,8351.0
64,Buenos Aires,GENERAL VILLEGAS,30.0,2797.0,18.0,3412.0,32.0,4022.0
65,Buenos Aires,BOLIVAR,30.0,2830.0,18.0,3296.0,37.0,3767.0
66,Buenos Aires,BRANDSEN,20.0,2588.0,18.0,3406.0,22.0,4101.0
67,Buenos Aires,BRAGADO,18.0,3360.0,17.0,4108.0,22.0,4902.0
68,Buenos Aires,LOBOS,29.0,3294.0,17.0,3961.0,35.0,4742.0
69,Buenos Aires,VILLARINO,23.0,2586.0,17.0,3167.0,35.0,3798.0
70,Buenos Aires,PATAGONES,24.0,2857.0,17.0,3677.0,30.0,3920.0
71,Buenos Aires,MAGDALENA,20.0,1935.0,17.0,2352.0,23.0,2676.0
72,Buenos Aires,SALADILLO,25.0,2716.0,16.0,3213.0,37.0,3911.0
73,Buenos Aires,CARLOS CASARES,18.0,1731.0,16.0,2127.0,23.0,2474.0
74,Buenos Aires,EXALTACION DE LA CRUZ,19.0,3424.0,15.0,4195.0,21.0,4585.0
75,Buenos Aires,PUAN,14.0,998.0,15.0,1236.0,18.0,1455.0
76,Buenos Aires,SALTO,21.0,3175.0,15.0,3725.0,20.0,4474.0
77,Buenos Aires,VILLA GESELL,11.0,2583.0,15.0,3608.0,12.0,4460.0
78,Buenos Aires,GENERAL JUAN MADARIAGA,20.0,1548.0,14.0,2191.0,23.0,2821.0
79,Buenos Aires,AYACUCHO,20.0,1699.0,14.0,2051.0,36.0,2541.0
80,Buenos Aires,MAR CHIQUITA,19.0,2519.0,13.0,3085.0,26.0,3581.0
81,Buenos Aires,ADOLFO ALSINA,18.0,1292.0,13.0,1463.0,23.0,1671.0
82,Buenos Aires,SAN ANTONIO DE ARECO,26.0,2120.0,13.0,2443.0,18.0,2999.0
83,Buenos Aires,RAMALLO,12.0,3451.0,13.0,4031.0,24.0,4764.0
84,Buenos Aires,PINAMAR,12.0,3043.0,12.0,3865.0,10.0,4633.0
85,Buenos Aires,DOLORES,12.0,2569.0,12.0,2888.0,22.0,3479.0
86,Buenos Aires,BENITO JUAREZ,11.0,1608.0,12.0,1912.0,13.0,2380.0
87,Buenos Aires,COLON,15.0,2014.0,12.0,2418.0,16.0,2994.0
88,Buenos Aires,CORONEL DORREGO,17.0,1131.0,12.0,1368.0,20.0,1659.0
89,Buenos Aires,TORNQUIST,15.0,997.0,12.0,1351.0,20.0,1436.0
90,Buenos Aires,ARRECIFES,18.0,2644.0,11.0,3046.0,20.0,3457.0
91,Buenos Aires,RIVADAVIA,15.0,1734.0,11.0,2000.0,20.0,2190.0
92,Buenos Aires,DAIREAUX,16.0,1395.0,11.0,1704.0,20.0,2110.0
93,Buenos Aires,LOBERIA,19.0,1302.0,11.0,1606.0,32.0,1897.0
94,Buenos Aires,SAAVEDRA,15.0,1436.0,11.0,1822.0,18.0,2086.0
95,Buenos Aires,GENERAL ARENALES,12.0,1212.0,11.0,1331.0,11.0,1608.0
96,Buenos Aires,CARLOS TEJEDOR,16.0,1107.0,11.0,1331.0,19.0,1492.0
97,Buenos Aires,MONTE,16.0,1922.0,11.0,2558.0,18.0,2853.0
98,Buenos Aires,NAVARRO,19.0,1501.0,11.0,1995.0,30.0,2428.0
99,Buenos Aires,CORONEL PRINGLES,19.0,1890.0,11.0,2404.0,24.0,2553.0
100,Buenos Aires,LAS FLORES,15.0,1982.0,11.0,2355.0,39.0,2959.0
101,Buenos Aires,ADOLFO GONZALES CHAVES,13.0,950.0,11.0,1184.0,16.0,1387.0
102,Buenos Aires,GENERAL BELGRANO,11.0,1618.0,11.0,1957.0,16.0,2208.0
103,Buenos Aires,GENERAL VIAMONTE,15.0,1801.0,10.0,2208.0,19.0,2369.0
104,Buenos Aires,ROJAS,20.0,1851.0,10.0,2284.0,23.0,2802.0
105,Buenos Aires,CARMEN DE ARECO,17.0,1443.0,10.0,1627.0,19.0,2009.0
106,Buenos Aires,GENERAL LA MADRID,12.0,866.0,9.0,1083.0,16.0,1160.0
107,Buenos Aires,GUAMINI,15.0,822.0,9.0,1028.0,18.0,1224.0
108,Buenos Aires,FLORENTINO AMEGHINO,8.0,876.0,8.0,1070.0,9.0,1312.0
109,Buenos Aires,RAUCH,18.0,1197.0,8.0,1501.0,24.0,1779.0
110,Buenos Aires,GENERAL ALVEAR,15.0,758.0,8.0,968.0,26.0,1081.0
111,Buenos Aires,LEANDRO N. ALEM,11.0,1361.0,8.0,1585.0,15.0,1953.0
112,Buenos Aires,GENERAL PINTO,9.0,1104.0,8.0,1131.0,13.0,1365.0
113,Buenos Aires,CAPITAN SARMIENTO,11.0,1180.0,7.0,1468.0,12.0,1686.0
114,Buenos Aires,ALBERTI,10.0,904.0,7.0,1166.0,13.0,1410.0
115,Buenos Aires,GENERAL LAS HERAS,15.0,1466.0,7.0,1773.0,16.0,2104.0
116,Buenos Aires,PUNTA INDIO,9.0,936.0,7.0,1193.0,14.0,1238.0
117,Buenos Aires,ROQUE PEREZ,17.0,1104.0,7.0,1342.0,25.0,1546.0
118,Buenos Aires,GENERAL PAZ,15.0,1095.0,7.0,1495.0,25.0,1600.0
119,Buenos Aires,TAPALQUE,14.0,873.0,6.0,971.0,22.0,1213.0
120,Buenos Aires,LAPRIDA,11.0,901.0,6.0,1175.0,16.0,1343.0
121,Buenos Aires,SUIPACHA,13.0,981.0,6.0,1157.0,14.0,1428.0
122,Buenos Aires,MAIPU,9.0,861.0,6.0,1058.0,12.0,1171.0
123,Buenos Aires,HIPOLITO YRIGOYEN,6.0,789.0,6.0,919.0,8.0,1156.0
124,Buenos Aires,TRES LOMAS,7.0,682.0,5.0,834.0,7.0,986.0
125,Buenos Aires,SALLIQUELO,5.0,653.0,5.0,818.0,5.0,991.0
126,Buenos Aires,GENERAL LAVALLE,7.0,419.0,4.0,549.0,9.0,580.0
127,Buenos Aires,PELLEGRINI,6.0,662.0,4.0,719.0,6.0,722.0
128,Buenos Aires,MONTE HERMOSO,5.0,596.0,4.0,810.0,3.0,914.0
129,Buenos Aires,CASTELLI,7.0,760.0,4.0,888.0,17.0,1029.0
130,Buenos Aires,LEZAMA,5.0,443.0,4.0,546.0,11.0,663.0
131,Buenos Aires,SAN CAYETANO,7.0,615.0,4.0,731.0,10.0,881.0
132,Buenos Aires,PILA,8.0,408.0,3.0,511.0,15.0,522.0
133,Buenos Aires,GENERAL GUIDO,4.0,236.0,3.0,285.0,14.0,357.0
134,Buenos Aires,TORDILLO,4.0,244.0,1.0,259.0,5.0,270.0
135,Catamarca,CAPITAL,51.0,14250.0,58.0,17212.0,46.0,20464.0
136,Catamarca,BELEN,43.0,2482.0,31.0,2993.0,57.0,3870.0
137,Catamarca,SANTA MARIA,27.0,2179.0,29.0,2579.0,37.0,3038.0
138,Catamarca,LA PAZ,28.0,2352.0,21.0,2725.0,51.0,3265.0
139,Catamarca,TINOGASTA,30.0,2024.0,21.0,2400.0,39.0,3068.0
140,Catamarca,ANDALGALA,17.0,1535.0,16.0,1720.0,26.0,2368.0
141,Catamarca,CAPAYAN,26.0,1697.0,15.0,1892.0,29.0,2395.0
142,Catamarca,VALLE VIEJO,15.0,2667.0,14.0,3303.0,18.0,3905.0
143,Catamarca,POMAN,13.0,988.0,13.0,1243.0,20.0,1558.0
144,Catamarca,SANTA ROSA,7.0,1154.0,12.0,1288.0,25.0,1549.0
145,Catamarca,EL ALTO,19.0,394.0,10.0,448.0,27.0,554.0
146,Catamarca,FRAY MAMERTO ESQUIU,10.0,1207.0,8.0,1424.0,10.0,1624.0
147,Catamarca,PACLIN,15.0,317.0,7.0,429.0,13.0,533.0
148,Catamarca,AMBATO,12.0,374.0,5.0,365.0,18.0,475.0
149,Catamarca,ANCASTI,9.0,243.0,5.0,286.0,28.0,370.0
150,Catamarca,ANTOFAGASTA DE LA SIERRA,4.0,142.0,3.0,203.0,5.0,212.0
151,Chaco,SAN FERNANDO,169.0,31821.0,167.0,38963.0,140.0,43342.0
152,Chaco,GENERAL GUEMES,100.0,6921.0,91.0,8259.0,235.0,8792.0
153,Chaco,COMANDANTE FERNANDEZ,52.0,8579.0,44.0,10417.0,67.0,12481.0
154,Chaco,LIBERTADOR GENERAL SAN MARTIN,56.0,6514.0,43.0,7273.0,100.0,8036.0
155,Chaco,MAYOR LUIS J FONTANA,39.0,5880.0,25.0,6579.0,47.0,6893.0
156,Chaco,BERMEJO,23.0,2560.0,19.0,2968.0,31.0,3256.0
157,Chaco,ALMIRANTE BROWN,35.0,4089.0,19.0,4305.0,62.0,5388.0
158,Chaco,MAIPU,25.0,2701.0,18.0,3024.0,57.0,3220.0
159,Chaco,CHACABUCO,26.0,3114.0,17.0,3571.0,34.0,3737.0
160,Chaco,QUITILIPI,31.0,3168.0,17.0,3266.0,54.0,4092.0
161,Chaco,12 DE OCTUBRE,23.0,2262.0,15.0,2450.0,31.0,2724.0
162,Chaco,O HIGGINS,28.0,2090.0,12.0,2597.0,34.0,2996.0
163,Chaco,25 DE MAYO,22.0,3301.0,12.0,3902.0,40.0,4429.0
164,Chaco,SARGENTO CABRAL,14.0,1769.0,11.0,1978.0,29.0,2220.0
165,Chaco,GENERAL DONOVAN,13.0,1285.0,11.0,1538.0,16.0,1769.0
166,Chaco,9 DE JULIO,26.0,2987.0,11.0,3073.0,44.0,3552.0
167,Chaco,FRAY JUSTO SANTA MARIA DE ORO,15.0,968.0,9.0,1106.0,19.0,1238.0
168,Chaco,INDEPENDENCIA,16.0,2318.0,9.0,2577.0,28.0,3219.0
169,Chaco,TAPENAGA,5.0,394.0,8.0,437.0,10.0,510.0
170,Chaco,1§ DE MAYO,8.0,1360.0,7.0,1577.0,12.0,1495.0
171,Chaco,LIBERTAD,11.0,1282.0,7.0,1476.0,12.0,1563.0
172,Chaco,GENERAL BELGRANO,5.0,1411.0,5.0,1466.0,13.0,1702.0
173,Chaco,2 DE ABRIL,8.0,745.0,5.0,783.0,17.0,880.0
174,Chaco,SAN LORENZO,15.0,1707.0,5.0,1818.0,31.0,1995.0
175,Chaco,PRESIDENCIA DE LA PLAZA,11.0,1353.0,5.0,1578.0,16.0,1785.0
176,Chubut,ESCALANTE,73.0,16668.0,60.0,21521.0,62.0,23941.0
177,Chubut,RAWSON,74.0,10491.0,47.0,13418.0,49.0,15650.0
178,Chubut,FUTALEUFU,34.0,3522.0,26.0,4856.0,28.0,5502.0
179,Chubut,BIEDMA,30.0,8111.0,25.0,10375.0,27.0,12276.0
180,Chubut,CUSHAMEN,26.0,2022.0,24.0,2754.0,26.0,3172.0
181,Chubut,RIO SENGUER,8.0,565.0,10.0,638.0,9.0,625.0
182,Chubut,GAIMAN,10.0,998.0,9.0,1179.0,9.0,1461.0
183,Chubut,LANGUIÑEO,5.0,236.0,6.0,257.0,5.0,309.0
184,Chubut,SARMIENTO,9.0,1344.0,6.0,1701.0,8.0,1804.0
185,Chubut,TEHUELCHES,4.0,464.0,5.0,643.0,5.0,657.0
186,Chubut,GASTRE,5.0,83.0,5.0,90.0,5.0,115.0
187,Chubut,TELSEN,3.0,117.0,4.0,144.0,4.0,174.0
188,Chubut,PASO DE INDIOS,2.0,137.0,3.0,160.0,3.0,178.0
189,Chubut,FLORENTINO AMEGHINO,1.0,175.0,1.0,189.0,1.0,189.0
190,Chubut,MARTIRES,1.0,64.0,1.0,60.0,2.0,68.0
191,Ciudad Autónoma de Buenos Aires,CIUDAD AUTONOMA DE BUENOS AIRES,900.0,155314.0,717.0,201989.0,893.0,245665.0
192,Corrientes,CAPITAL,134.0,35160.0,96.0,40888.0,95.0,47679.0
193,Corrientes,GOYA,80.0,9035.0,34.0,10905.0,95.0,12844.0
194,Corrientes,SANTO TOME,46.0,6984.0,27.0,8046.0,49.0,9133.0
195,Corrientes,CURUZU CUATIA,44.0,4649.0,20.0,5255.0,51.0,6224.0
196,Corrientes,LAVALLE,37.0,4432.0,19.0,4752.0,39.0,5177.0
197,Corrientes,ITUZAINGO,29.0,3816.0,19.0,4200.0,34.0,4751.0
198,Corrientes,MONTE CASEROS,32.0,4116.0,18.0,4648.0,39.0,5272.0
199,Corrientes,GENERAL PAZ,29.0,1425.0,17.0,1615.0,32.0,1937.0
200,Corrientes,PASO DE LOS LIBRES,31.0,5442.0,17.0,6353.0,35.0,7503.0
201,Corrientes,ESQUINA,50.0,3662.0,17.0,4138.0,58.0,4927.0
202,Corrientes,MERCEDES,36.0,4965.0,16.0,5266.0,39.0,5536.0
203,Corrientes,SALADAS,28.0,2703.0,15.0,3024.0,28.0,3676.0
204,Corrientes,BELLA VISTA,37.0,4397.0,14.0,4808.0,37.0,5139.0
205,Corrientes,SAN ROQUE,24.0,2171.0,14.0,2315.0,28.0,2767.0
206,Corrientes,SAN LUIS DEL PALMAR,40.0,1862.0,13.0,2025.0,44.0,2496.0
207,Corrientes,SAN MARTIN,17.0,1512.0,13.0,1702.0,25.0,1972.0
208,Corrientes,SAN COSME,22.0,1633.0,11.0,1882.0,22.0,2017.0
209,Corrientes,SAN MIGUEL,15.0,1287.0,9.0,1498.0,17.0,1740.0
210,Corrientes,EMPEDRADO,27.0,1574.0,9.0,1754.0,39.0,2082.0
211,Corrientes,CONCEPCION,26.0,2791.0,9.0,3184.0,34.0,3682.0
212,Corrientes,ITATI,12.0,1136.0,8.0,1276.0,13.0,1379.0
213,Corrientes,SAUCE,14.0,922.0,6.0,1061.0,18.0,1304.0
214,Corrientes,MBURUCUYA,13.0,1002.0,6.0,1108.0,17.0,1439.0
215,Corrientes,GENERAL ALVEAR,10.0,873.0,5.0,896.0,12.0,1126.0
216,Corrientes,BERON DE ASTRADA,3.0,231.0,4.0,265.0,5.0,324.0
217,Córdoba,CAPITAL,437.0,105777.0,376.0,127379.0,411.0,154598.0
218,Córdoba,RIO CUARTO,142.0,21670.0,100.0,24667.0,155.0,28427.0
219,Córdoba,SAN JUSTO,158.0,17737.0,98.0,20783.0,172.0,24859.0
220,Córdoba,COLON,96.0,24253.0,76.0,29932.0,97.0,34500.0
221,Córdoba,PUNILLA,78.0,15214.0,62.0,19630.0,82.0,23311.0
222,Córdoba,UNION,90.0,8748.0,56.0,10277.0,98.0,12072.0
223,Córdoba,RIO SEGUNDO,64.0,8823.0,51.0,10379.0,73.0,12099.0
224,Córdoba,GENERAL SAN MARTIN,80.0,12494.0,48.0,14299.0,80.0,16119.0
225,Córdoba,TERCERO ARRIBA,66.0,9114.0,47.0,10870.0,70.0,12405.0
226,Córdoba,MARCOS JUAREZ,69.0,7791.0,45.0,9153.0,82.0,10574.0
227,Córdoba,SANTA MARIA,70.0,12002.0,45.0,14361.0,70.0,15614.0
228,Córdoba,RIO PRIMERO,63.0,5303.0,31.0,5663.0,74.0,6638.0
229,Córdoba,CALAMUCHITA,54.0,5902.0,30.0,7284.0,67.0,8294.0
230,Córdoba,CRUZ DEL EJE,73.0,5650.0,30.0,6501.0,82.0,7447.0
231,Córdoba,SAN JAVIER,49.0,4809.0,26.0,6034.0,52.0,6847.0
232,Córdoba,JUAREZ CELMAN,48.0,5605.0,26.0,6415.0,55.0,7384.0
233,Córdoba,SAN ALBERTO,49.0,3328.0,24.0,3968.0,54.0,4656.0
234,Córdoba,GENERAL ROCA,29.0,2905.0,19.0,3263.0,35.0,3903.0
235,Córdoba,PRESIDENTE ROQUE SAENZ PEÑA,33.0,2907.0,18.0,3515.0,33.0,4141.0
236,Córdoba,ISCHILIN,37.0,3125.0,12.0,3562.0,41.0,4456.0
237,Córdoba,TOTORAL,25.0,1943.0,11.0,2217.0,35.0,2670.0
238,Córdoba,RIO SECO,29.0,1324.0,10.0,1591.0,37.0,1918.0
239,Córdoba,MINAS,21.0,371.0,9.0,424.0,25.0,529.0
240,Córdoba,TULUMBA,33.0,1158.0,8.0,1209.0,42.0,1507.0
241,Córdoba,POCHO,21.0,377.0,5.0,399.0,28.0,544.0
242,Córdoba,SOBREMONTE,9.0,345.0,4.0,401.0,14.0,541.0
243,Entre Ríos,PARANA,232.0,27975.0,165.0,35139.0,225.0,39844.0
244,Entre Ríos,CONCORDIA,104.0,17901.0,66.0,21468.0,90.0,23202.0
245,Entre Ríos,GUALEGUAYCHU,106.0,9410.0,56.0,11769.0,111.0,13659.0
246,Entre Ríos,URUGUAY,86.0,8632.0,52.0,10712.0,96.0,12820.0
247,Entre Ríos,LA PAZ,82.0,6549.0,38.0,7842.0,97.0,8762.0
248,Entre Ríos,VICTORIA,41.0,3123.0,34.0,3601.0,46.0,4287.0
249,Entre Ríos,DIAMANTE,56.0,3847.0,33.0,4458.0,56.0,5162.0
250,Entre Ríos,FEDERACION,66.0,6876.0,31.0,7982.0,76.0,8706.0
251,Entre Ríos,VILLAGUAY,79.0,4679.0,30.0,5389.0,93.0,6314.0
252,Entre Ríos,NOGOYA,72.0,3364.0,28.0,4082.0,90.0,4610.0
253,Entre Ríos,GUALEGUAY,47.0,4529.0,27.0,5466.0,56.0,6180.0
254,Entre Ríos,COLON,53.0,5907.0,26.0,6990.0,53.0,7913.0
255,Entre Ríos,FEDERAL,49.0,2629.0,18.0,2860.0,56.0,3251.0
256,Entre Ríos,TALA,36.0,2477.0,18.0,3068.0,47.0,3496.0
257,Entre Ríos,ISLAS DEL IBICUY,22.0,1271.0,12.0,1534.0,25.0,1747.0
258,Entre Ríos,FELICIANO,27.0,1461.0,10.0,1726.0,30.0,2028.0
259,Entre Ríos,SAN SALVADOR,19.0,1743.0,9.0,2142.0,19.0,2515.0
260,Formosa,PATIÑO,102.0,8070.0,85.0,9940.0,131.0,10400.0
261,Formosa,FORMOSA,99.0,21127.0,80.0,26493.0,89.0,30652.0
262,Formosa,PIRANE,68.0,6830.0,72.0,8111.0,100.0,9246.0
263,Formosa,PILCOMAYO,68.0,8934.0,50.0,10260.0,60.0,11076.0
264,Formosa,LAISHI,21.0,1725.0,22.0,2095.0,23.0,2631.0
265,Formosa,BERMEJO,47.0,1763.0,22.0,2028.0,60.0,2207.0
266,Formosa,PILAGAS,27.0,1864.0,21.0,2181.0,34.0,2467.0
267,Formosa,RAMON LISTA,34.0,2421.0,16.0,2783.0,59.0,3034.0
268,Formosa,MATACOS,15.0,1918.0,13.0,2143.0,25.0,2420.0
269,Jujuy,DOCTOR MANUEL BELGRANO,108.0,23048.0,98.0,31256.0,87.0,34888.0
270,Jujuy,EL CARMEN,43.0,11018.0,33.0,13356.0,42.0,15219.0
271,Jujuy,SAN PEDRO,44.0,7205.0,33.0,9254.0,41.0,10031.0
272,Jujuy,LEDESMA,31.0,8147.0,25.0,9746.0,27.0,11270.0
273,Jujuy,HUMAHUACA,33.0,1752.0,23.0,2442.0,35.0,2816.0
274,Jujuy,PALPALA,21.0,4800.0,16.0,6551.0,22.0,7631.0
275,Jujuy,COCHINOCA,28.0,1322.0,13.0,1685.0,32.0,2099.0
276,Jujuy,SANTA BARBARA,14.0,1905.0,11.0,2399.0,15.0,2601.0
277,Jujuy,YAVI,36.0,2367.0,10.0,2773.0,36.0,3272.0
278,Jujuy,SANTA CATALINA,15.0,282.0,9.0,302.0,16.0,352.0
279,Jujuy,SUSQUES,9.0,439.0,9.0,527.0,10.0,560.0
280,Jujuy,TILCARA,16.0,1063.0,9.0,1549.0,18.0,1803.0
281,Jujuy,TUMBAYA,15.0,375.0,6.0,534.0,15.0,565.0
282,Jujuy,VALLE GRANDE,6.0,194.0,6.0,276.0,8.0,329.0
283,Jujuy,RINCONADA,12.0,170.0,6.0,241.0,13.0,238.0
284,Jujuy,SAN ANTONIO,6.0,539.0,2.0,699.0,6.0,738.0
285,La Pampa,CAPITAL,61.0,8258.0,44.0,11128.0,42.0,12701.0
286,La Pampa,MARACO,26.0,5292.0,25.0,6549.0,25.0,7418.0
287,La Pampa,UTRACAN,12.0,1321.0,11.0,1797.0,14.0,1955.0
288,La Pampa,REALICO,9.0,1232.0,11.0,1651.0,12.0,1945.0
289,La Pampa,CONHELO,10.0,1023.0,11.0,1345.0,10.0,1449.0
290,La Pampa,RANCUL,10.0,853.0,9.0,1070.0,11.0,1375.0
291,La Pampa,CHAPALEUFU,9.0,960.0,9.0,1149.0,9.0,1340.0
292,La Pampa,LOVENTUE,6.0,647.0,8.0,835.0,7.0,1016.0
293,La Pampa,ATREUCO,8.0,769.0,8.0,980.0,8.0,1168.0
294,La Pampa,GUATRACHE,5.0,690.0,6.0,756.0,7.0,965.0
295,La Pampa,QUEMU QUEMU,5.0,600.0,6.0,699.0,7.0,933.0
296,La Pampa,PUELEN,8.0,1095.0,6.0,1350.0,8.0,1404.0
297,La Pampa,TOAY,7.0,1540.0,5.0,2073.0,7.0,2136.0
298,La Pampa,CATRILO,5.0,648.0,4.0,880.0,6.0,933.0
299,La Pampa,HUCAL,5.0,486.0,4.0,590.0,5.0,720.0
300,La Pampa,TRENEL,4.0,435.0,4.0,506.0,4.0,569.0
301,La Pampa,CHALILEO,1.0,201.0,3.0,305.0,2.0,319.0
302,La Pampa,CURACO,2.0,99.0,2.0,100.0,2.0,115.0
303,La Pampa,CHICAL CO,3.0,110.0,2.0,150.0,3.0,193.0
304,La Pampa,CALEU CALEU,2.0,194.0,1.0,272.0,3.0,336.0
305,La Pampa,LIHUEL CALEL,1.0,39.0,1.0,46.0,1.0,50.0
306,La Pampa,LIMAY MAHUIDA,2.0,33.0,1.0,42.0,2.0,28.0
307,La Rioja,CAPITAL,91.0,15697.0,51.0,19946.0,84.0,23880.0
308,La Rioja,ROSARIO VERA PEÑALOZA,21.0,1310.0,26.0,1652.0,34.0,1864.0
309,La Rioja,CHILECITO,30.0,4579.0,23.0,6019.0,31.0,7421.0
310,La Rioja,GENERAL JUAN F QUIROGA,19.0,337.0,20.0,362.0,25.0,461.0
311,La Rioja,GENERAL BELGRANO,17.0,621.0,18.0,677.0,20.0,835.0
312,La Rioja,GENERAL SAN MARTIN,14.0,394.0,17.0,538.0,23.0,655.0
313,La Rioja,CHAMICAL,13.0,1307.0,16.0,1360.0,24.0,1701.0
314,La Rioja,GENERAL ANGEL V PEÑALOZA,10.0,255.0,11.0,333.0,16.0,355.0
315,La Rioja,ARAUCO,14.0,1353.0,10.0,1645.0,13.0,1863.0
316,La Rioja,INDEPENDENCIA,8.0,209.0,9.0,241.0,10.0,307.0
317,La Rioja,GENERAL OCAMPO,9.0,567.0,9.0,656.0,29.0,805.0
318,La Rioja,CORONEL FELIPE VARELA,16.0,829.0,8.0,1078.0,18.0,1172.0
319,La Rioja,FAMATINA,13.0,479.0,7.0,664.0,14.0,804.0
320,La Rioja,SAN BLAS DE LOS SAUCES,6.0,345.0,5.0,429.0,7.0,494.0
321,La Rioja,VINCHINA,6.0,224.0,5.0,246.0,7.0,305.0
322,La Rioja,CASTRO BARROS,6.0,409.0,4.0,538.0,7.0,599.0
323,La Rioja,GENERAL LAMADRID,2.0,158.0,2.0,164.0,2.0,214.0
324,La Rioja,SANAGASTA,1.0,230.0,1.0,317.0,1.0,314.0
325,Mendoza,CAPITAL,75.0,8283.0,86.0,9891.0,62.0,11066.0
326,Mendoza,SAN RAFAEL,161.0,17237.0,66.0,21325.0,130.0,23389.0
327,Mendoza,GUAYMALLEN,107.0,25349.0,54.0,31776.0,87.0,35018.0
328,Mendoza,GODOY CRUZ,87.0,13392.0,44.0,16942.0,67.0,19597.0
329,Mendoza,MAIPU,84.0,18163.0,39.0,22679.0,69.0,25291.0
330,Mendoza,LUJAN DE CUYO,63.0,13914.0,34.0,17898.0,56.0,20387.0
331,Mendoza,LAS HERAS,81.0,19700.0,33.0,24827.0,55.0,27850.0
332,Mendoza,SAN MARTIN,82.0,11642.0,29.0,14861.0,62.0,15658.0
333,Mendoza,LAVALLE,62.0,4526.0,20.0,5749.0,46.0,5944.0
334,Mendoza,MALARGUE,29.0,2811.0,17.0,3700.0,22.0,4071.0
335,Mendoza,GENERAL ALVEAR,56.0,4069.0,17.0,5385.0,43.0,5721.0
336,Mendoza,JUNIN,40.0,3662.0,15.0,4550.0,28.0,5068.0
337,Mendoza,RIVADAVIA,43.0,5261.0,15.0,6608.0,31.0,7111.0
338,Mendoza,SAN CARLOS,45.0,3475.0,14.0,4334.0,30.0,4793.0
339,Mendoza,TUNUYAN,42.0,5158.0,13.0,6688.0,31.0,7298.0
340,Mendoza,TUPUNGATO,25.0,3810.0,11.0,4851.0,22.0,5315.0
341,Mendoza,SANTA ROSA,34.0,1765.0,7.0,2143.0,22.0,2263.0
342,Mendoza,LA PAZ,13.0,1018.0,4.0,1305.0,11.0,1302.0
343,Misiones,CAPITAL,139.0,33142.0,114.0,40783.0,129.0,44373.0
344,Misiones,OBERA,99.0,11680.0,72.0,13783.0,108.0,14897.0
345,Misiones,GUARANI,93.0,8802.0,62.0,9732.0,143.0,10537.0
346,Misiones,CAINGUAS,88.0,6425.0,61.0,7497.0,99.0,8031.0
347,Misiones,GENERAL MANUEL BELGRANO,70.0,5458.0,51.0,5949.0,87.0,6138.0
348,Misiones,SAN IGNACIO,71.0,6498.0,47.0,7468.0,79.0,7918.0
349,Misiones,LEANDRO N. ALEM,56.0,4430.0,40.0,5235.0,65.0,5726.0
350,Misiones,25 DE MAYO,45.0,3369.0,36.0,3671.0,68.0,3903.0
351,Misiones,IGUAZU,78.0,10641.0,34.0,12219.0,80.0,13000.0
352,Misiones,LIBERTADOR GRL SAN MARTIN,59.0,5227.0,34.0,5931.0,63.0,6521.0
353,Misiones,SAN PEDRO,49.0,4462.0,34.0,4904.0,79.0,4984.0
354,Misiones,ELDORADO,61.0,8721.0,32.0,10328.0,70.0,11407.0
355,Misiones,MONTECARLO,36.0,3674.0,20.0,4579.0,39.0,4992.0
356,Misiones,APOSTOLES,33.0,5262.0,18.0,5788.0,34.0,6448.0
357,Misiones,CANDELARIA,23.0,3758.0,15.0,4296.0,30.0,4620.0
358,Misiones,SAN JAVIER,34.0,2346.0,10.0,2808.0,40.0,2956.0
359,Misiones,CONCEPCION,14.0,1087.0,5.0,1156.0,21.0,1380.0
360,Neuquén,CONFLUENCIA,147.0,34739.0,117.0,44946.0,160.0,49728.0
361,Neuquén,ZAPALA,27.0,3426.0,12.0,4712.0,30.0,5301.0
362,Neuquén,LACAR,19.0,2801.0,11.0,3767.0,24.0,4511.0
363,Neuquén,PEHUENCHES,11.0,2678.0,10.0,3445.0,17.0,3890.0
364,Neuquén,LOS LAGOS,7.0,1136.0,8.0,1557.0,9.0,1770.0
365,Neuquén,AÑELO,6.0,1908.0,7.0,2170.0,9.0,2191.0
366,Neuquén,MINAS,9.0,737.0,7.0,884.0,17.0,1008.0
367,Neuquén,HUILICHES,18.0,1713.0,7.0,2147.0,19.0,2356.0
368,Neuquén,ALUMINE,12.0,878.0,7.0,1032.0,13.0,1197.0
369,Neuquén,CHOS MALAL,10.0,1298.0,6.0,1819.0,18.0,2044.0
370,Neuquén,ÑORQUIN,11.0,440.0,5.0,563.0,13.0,605.0
371,Neuquén,PICUNCHES,9.0,721.0,4.0,952.0,10.0,938.0
372,Neuquén,LONCOPUE,6.0,675.0,3.0,811.0,11.0,845.0
373,Neuquén,PICUN LEUFU,5.0,391.0,2.0,533.0,7.0,543.0
374,Neuquén,CATAN LIL,10.0,220.0,1.0,316.0,12.0,310.0
375,Neuquén,COLLON CURA,5.0,360.0,1.0,456.0,7.0,540.0
376,Río Negro,GENERAL ROCA,158.0,29296.0,115.0,37152.0,165.0,41788.0
377,Río Negro,BARILOCHE,72.0,11266.0,57.0,14905.0,71.0,16295.0
378,Río Negro,ADOLFO ALSINA,40.0,4517.0,33.0,6136.0,35.0,7034.0
379,Río Negro,AVELLANEDA,24.0,3407.0,19.0,4196.0,29.0,4870.0
380,Río Negro,25 DE MAYO,13.0,1353.0,13.0,1600.0,14.0,1884.0
381,Río Negro,SAN ANTONIO,14.0,2730.0,11.0,3609.0,15.0,3973.0
382,Río Negro,EL CUY,7.0,545.0,8.0,780.0,9.0,796.0
383,Río Negro,9 DE JULIO,8.0,274.0,7.0,354.0,7.0,375.0
384,Río Negro,PILCANIYEU,8.0,598.0,6.0,943.0,13.0,985.0
385,Río Negro,VALCHETA,6.0,337.0,5.0,395.0,8.0,429.0
386,Río Negro,PICHI MAHUIDA,9.0,1344.0,5.0,1671.0,10.0,1711.0
387,Río Negro,CONESA,7.0,605.0,3.0,723.0,9.0,747.0
388,Río Negro,ÑORQUINCO,7.0,113.0,3.0,125.0,9.0,143.0
389,Salta,CAPITAL,182.0,47812.0,156.0,61799.0,157.0,69500.0
390,Salta,GENERAL JOSE DE SAN MARTIN,107.0,19509.0,52.0,22243.0,108.0,24083.0
391,Salta,ORAN,75.0,16651.0,38.0,19414.0,66.0,21379.0
392,Salta,ANTA,55.0,7052.0,27.0,8007.0,57.0,9023.0
393,Salta,METAN,29.0,4326.0,19.0,4909.0,27.0,5274.0
394,Salta,RIVADAVIA,100.0,5048.0,19.0,5525.0,104.0,5831.0
395,Salta,GENERAL GUEMES,30.0,4858.0,15.0,5990.0,27.0,6453.0
396,Salta,ROSARIO DE LERMA,32.0,4735.0,13.0,5684.0,33.0,6128.0
397,Salta,ROSARIO DE LA FRONTERA,34.0,2966.0,13.0,3545.0,33.0,3903.0
398,Salta,CAFAYATE,11.0,1430.0,10.0,2036.0,10.0,2229.0
399,Salta,CERRILLOS,22.0,5342.0,10.0,6901.0,18.0,7225.0
400,Salta,SANTA VICTORIA,38.0,909.0,9.0,1226.0,45.0,1428.0
401,Salta,CHICOANA,18.0,2069.0,8.0,2580.0,18.0,3002.0
402,Salta,IRUYA,23.0,676.0,7.0,777.0,26.0,938.0
403,Salta,MOLINOS,14.0,516.0,7.0,716.0,14.0,827.0
404,Salta,SAN CARLOS,21.0,674.0,6.0,950.0,21.0,964.0
405,Salta,CACHI,16.0,832.0,6.0,1080.0,16.0,1039.0
406,Salta,LOS ANDES,9.0,875.0,5.0,962.0,8.0,1091.0
407,Salta,LA VIÑA,8.0,760.0,4.0,953.0,9.0,1064.0
408,Salta,LA CANDELARIA,6.0,596.0,4.0,775.0,7.0,884.0
409,Salta,GUACHIPAS,7.0,314.0,3.0,343.0,10.0,392.0
410,Salta,LA POMA,8.0,167.0,3.0,223.0,8.0,271.0
411,Salta,LA CALDERA,10.0,966.0,3.0,1219.0,9.0,1287.0
412,San Juan,CAPITAL,56.0,7849.0,71.0,9115.0,59.0,10752.0
413,San Juan,JACHAL,32.0,2155.0,29.0,2384.0,34.0,2795.0
414,San Juan,RAWSON,37.0,11959.0,24.0,14695.0,49.0,16316.0
415,San Juan,SARMIENTO,23.0,2876.0,21.0,3274.0,26.0,3883.0
416,San Juan,VALLE FERTIL,19.0,772.0,21.0,825.0,21.0,939.0
417,San Juan,CAUCETE,23.0,4319.0,20.0,4835.0,26.0,5830.0
418,San Juan,RIVADAVIA,34.0,8399.0,20.0,10029.0,35.0,11273.0
419,San Juan,CHIMBAS,21.0,9879.0,19.0,11599.0,26.0,13364.0
420,San Juan,25 DE MAYO,22.0,2294.0,17.0,2553.0,22.0,3050.0
421,San Juan,CALINGASTA,16.0,1104.0,15.0,1255.0,17.0,1337.0
422,San Juan,POCITO,26.0,7282.0,14.0,8963.0,27.0,10027.0
423,San Juan,IGLESIA,11.0,819.0,11.0,945.0,14.0,1047.0
424,San Juan,ANGACO,12.0,969.0,10.0,1181.0,12.0,1363.0
425,San Juan,SANTA LUCIA,16.0,5620.0,10.0,6657.0,18.0,7378.0
426,San Juan,ALBARDON,13.0,2958.0,8.0,3634.0,13.0,4162.0
427,San Juan,SAN MARTIN,12.0,1586.0,6.0,1863.0,12.0,2020.0
428,San Juan,ULLUM,2.0,614.0,2.0,738.0,2.0,830.0
429,San Juan,9 DE JULIO,5.0,1295.0,2.0,1488.0,5.0,1606.0
430,San Juan,ZONDA,2.0,679.0,2.0,765.0,2.0,845.0
431,San Luis,GENERAL JUAN MARTIN DE PUEYRREDON,95.0,19681.0,118.0,24700.0,110.0,31276.0
432,San Luis,GENERAL PEDERNERA,58.0,11922.0,70.0,14672.0,69.0,17891.0
433,San Luis,AYACUCHO,15.0,2003.0,38.0,2327.0,44.0,2914.0
434,San Luis,JUNIN,20.0,2825.0,38.0,3659.0,31.0,4569.0
435,San Luis,LIBERTADOR GRL SAN MARTIN,10.0,327.0,34.0,373.0,27.0,516.0
436,San Luis,CORONEL PRINGLES,12.0,1180.0,27.0,1490.0,23.0,1861.0
437,San Luis,BELGRANO,7.0,444.0,26.0,561.0,25.0,635.0
438,San Luis,CHACABUCO,13.0,1946.0,25.0,2353.0,25.0,3001.0
439,San Luis,GOBERNADOR DUPUY,13.0,1283.0,17.0,1464.0,14.0,1837.0
440,Santa Cruz,GUER AIKE,37.0,10573.0,39.0,14016.0,46.0,16107.0
441,Santa Cruz,DESEADO,37.0,10716.0,34.0,13790.0,45.0,15834.0
442,Santa Cruz,LAGO ARGENTINO,7.0,2180.0,8.0,2815.0,9.0,3093.0
443,Santa Cruz,CORPEN AIKE,5.0,1456.0,6.0,1663.0,6.0,1783.0
444,Santa Cruz,LAGO BUENOS AIRES,4.0,1298.0,4.0,1375.0,5.0,1415.0
445,Santa Cruz,MAGALLANES,4.0,1110.0,3.0,1489.0,3.0,1574.0
446,Santa Cruz,RIO CHICO,3.0,585.0,3.0,744.0,4.0,783.0
447,Santa Fe,ROSARIO,343.0,97904.0,331.0,117871.0,342.0,130364.0
448,Santa Fe,LA CAPITAL,194.0,42937.0,171.0,51558.0,175.0,59938.0
449,Santa Fe,GENERAL OBLIGADO,129.0,17202.0,80.0,19144.0,155.0,22348.0
450,Santa Fe,GENERAL LOPEZ,96.0,14884.0,70.0,17783.0,104.0,20506.0
451,Santa Fe,CASTELLANOS,126.0,15092.0,60.0,17526.0,124.0,20504.0
452,Santa Fe,SAN LORENZO,51.0,16356.0,51.0,19715.0,58.0,20824.0
453,Santa Fe,SAN CRISTOBAL,105.0,5906.0,49.0,7064.0,112.0,8200.0
454,Santa Fe,LAS COLONIAS,103.0,8519.0,49.0,10020.0,107.0,11909.0
455,Santa Fe,CONSTITUCION,40.0,6793.0,34.0,8043.0,45.0,9828.0
456,Santa Fe,VERA,87.0,4985.0,33.0,5622.0,92.0,6460.0
457,Santa Fe,CASEROS,28.0,5966.0,33.0,7096.0,37.0,8306.0
458,Santa Fe,SAN JERONIMO,53.0,6707.0,31.0,7813.0,64.0,8888.0
459,Santa Fe,IRIONDO,39.0,5742.0,27.0,6722.0,50.0,7235.0
460,Santa Fe,SAN MARTIN,47.0,5177.0,24.0,6077.0,53.0,6928.0
461,Santa Fe,SAN JUSTO,43.0,3766.0,21.0,4407.0,50.0,4999.0
462,Santa Fe,9 DE JULIO,61.0,2720.0,18.0,3104.0,77.0,3817.0
463,Santa Fe,SAN JAVIER,35.0,3076.0,17.0,3454.0,40.0,3561.0
464,Santa Fe,BELGRANO,17.0,3597.0,15.0,4246.0,28.0,4950.0
465,Santa Fe,GARAY,20.0,2349.0,11.0,2543.0,22.0,2615.0
466,Santiago del Estero,CAPITAL,143.0,26352.0,114.0,31921.0,113.0,35687.0
467,Santiago del Estero,BANDA,120.0,16118.0,71.0,18598.0,105.0,20112.0
468,Santiago del Estero,RIO HONDO,67.0,6377.0,49.0,7369.0,68.0,8056.0
469,Santiago del Estero,PELLEGRINI,51.0,2632.0,41.0,3051.0,72.0,3520.0
470,Santiago del Estero,FIGUEROA,54.0,2127.0,35.0,2373.0,70.0,2901.0
471,Santiago del Estero,CHOYA,40.0,3746.0,35.0,4467.0,48.0,5329.0
472,Santiago del Estero,LORETO,52.0,2243.0,33.0,2577.0,47.0,3035.0
473,Santiago del Estero,JIMENEZ,27.0,1847.0,33.0,1990.0,39.0,2441.0
474,Santiago del Estero,MORENO,46.0,4608.0,29.0,4781.0,72.0,6032.0
475,Santiago del Estero,AVELLANEDA,30.0,2758.0,28.0,3000.0,52.0,3758.0
476,Santiago del Estero,ROBLES,46.0,5435.0,27.0,6060.0,38.0,7095.0
477,Santiago del Estero,COPO,33.0,3908.0,23.0,4205.0,79.0,5128.0
478,Santiago del Estero,ALBERDI,36.0,2298.0,23.0,2442.0,58.0,2781.0
479,Santiago del Estero,SAN MARTIN,27.0,1183.0,21.0,1345.0,36.0,1737.0
480,Santiago del Estero,SALAVINA,28.0,1294.0,21.0,1443.0,38.0,1957.0
481,Santiago del Estero,JUAN F IBARRA,31.0,2152.0,19.0,2575.0,49.0,3014.0
482,Santiago del Estero,QUEBRACHOS,27.0,1286.0,16.0,1334.0,43.0,1575.0
483,Santiago del Estero,GUASAYAN,18.0,900.0,16.0,929.0,23.0,1107.0
484,Santiago del Estero,GENERAL TABOADA,44.0,4772.0,16.0,5109.0,52.0,6327.0
485,Santiago del Estero,ATAMISQUI,26.0,1520.0,15.0,1820.0,26.0,2228.0
486,Santiago del Estero,SILIPICA,14.0,861.0,14.0,1008.0,16.0,1241.0
487,Santiago del Estero,OJO DE AGUA,29.0,1392.0,11.0,1482.0,45.0,1865.0
488,Santiago del Estero,SARMIENTO,10.0,533.0,8.0,630.0,17.0,716.0
489,Santiago del Estero,BELGRANO,7.0,1033.0,6.0,1115.0,12.0,1252.0
490,Santiago del Estero,AGUIRRE,10.0,804.0,6.0,908.0,13.0,1097.0
491,Santiago del Estero,RIVADAVIA,12.0,487.0,5.0,561.0,16.0,627.0
492,Santiago del Estero,MITRE,5.0,112.0,4.0,120.0,10.0,183.0
493,Tucumán,CAPITAL,189.0,44089.0,179.0,51884.0,138.0,59056.0
494,Tucumán,CRUZ ALTA,89.0,21071.0,59.0,25245.0,76.0,28012.0
495,Tucumán,LEALES,73.0,5678.0,53.0,6760.0,73.0,7848.0
496,Tucumán,BURRUYACU,57.0,4330.0,46.0,5233.0,57.0,5743.0
497,Tucumán,TAFI VIEJO,55.0,15052.0,42.0,18682.0,49.0,20891.0
498,Tucumán,CHICLIGASTA,44.0,7651.0,35.0,9110.0,41.0,10586.0
499,Tucumán,SIMOCA,52.0,3132.0,34.0,3784.0,52.0,4234.0
500,Tucumán,YERBA BUENA,34.0,8420.0,29.0,10227.0,32.0,11669.0
501,Tucumán,MONTEROS,42.0,6523.0,29.0,7986.0,40.0,9204.0
502,Tucumán,RIO CHICO,30.0,5525.0,28.0,6593.0,30.0,7630.0
503,Tucumán,GRANEROS,30.0,1434.0,27.0,1629.0,30.0,1864.0
504,Tucumán,LULES,37.0,8542.0,25.0,10920.0,32.0,11725.0
505,Tucumán,TRANCAS,25.0,2185.0,20.0,2451.0,25.0,2881.0
506,Tucumán,FAMAILLA,24.0,4239.0,20.0,4753.0,23.0,5343.0
507,Tucumán,TAFI DEL VALLE,24.0,1828.0,15.0,2270.0,24.0,2471.0
508,Tucumán,LA COCHA,17.0,1894.0,14.0,2167.0,18.0,2672.0
509,Tucumán,JUAN B ALBERDI,19.0,2908.0,13.0,3478.0,19.0,4108.0
